Code,Year,HE_Rate,Unemployment_Rate,Self_Employment_Rate,TEA,Moti_Index,區域,Is_East_Asia,Group
AUS,2013,,5.663,13.784446972319767,13.14,3.62,亞太,0,Other OECD
AUS,2014,119.679389953613,6.078,13.652896491868402,13.14,3.62,亞太,0,Other OECD
AUS,2015,119.679389953613,6.055,13.547899347535758,12.79,5.19,亞太,0,Other OECD
AUS,2016,119.682777404785,5.711,14.169464704022877,14.56,3.9,亞太,0,Other OECD
AUS,2017,109.993309020996,5.592,14.380343436008367,12.21,3.75,亞太,0,Other OECD
AUS,2018,103.322090148926,5.345,16.112904514717542,11.365,3.75,亞太,0,Other OECD
AUS,2019,109.759559631348,5.143,16.288196956668997,10.52,,亞太,0,Other OECD
AUS,2020,110.139221191406,6.394,15.976860939052306,10.52,,亞太,0,Other OECD
AUS,2021,112.688293457031,5.022,15.808002475076227,,,亞太,0,Other OECD
AUS,2022,106.240760803223,3.728,15.35223904841764,,,亞太,0,Other OECD
AUS,2023,104.64835357666,3.668,15.125086641720223,,,亞太,0,Other OECD
AUT,2013,80.9616012573242,5.367,12.666470700570104,8.71,3.41,歐洲,0,Other OECD
AUT,2014,81.0195693969727,5.674,12.485555774621773,8.71,3.41,歐洲,0,Other OECD
AUT,2015,82.2563095092773,5.802,12.428404403884253,9.170000000000002,3.205,歐洲,0,Other OECD
AUT,2016,82.8496932983398,6.064,12.130239154116568,9.63,3.0,歐洲,0,Other OECD
AUT,2017,83.8392562866211,5.561,11.833955214318298,10.265,2.6950000000000003,歐洲,0,Other OECD
AUT,2018,85.8698883056641,4.933,11.28830418123579,10.9,2.39,歐洲,0,Other OECD
AUT,2019,86.3234329223633,4.56,11.27477731309452,8.55,2.39,歐洲,0,Other OECD
AUT,2020,88.7071990966797,5.201,11.29547516701705,6.2,,歐洲,0,Other OECD
AUT,2021,93.940071105957,6.459,13.194153264231993,6.495,,歐洲,0,Other OECD
AUT,2022,94.5116882324219,4.992,13.04680368270029,6.79,,歐洲,0,Other OECD
AUT,2023,91.6818237304688,5.264,12.901178240351868,6.79,,歐洲,0,Other OECD
BEL,2013,71.7841110229492,8.425,14.22217744617528,4.92,1.51,,0,Other OECD
BEL,2014,74.0397262573242,8.523,13.65637601455418,5.4,1.41,,0,Other OECD
BEL,2015,76.423942565918,8.482,14.153285949489405,6.24,1.61,,0,Other OECD
BEL,2016,77.2435073852539,7.83,13.881367829224647,6.24,1.61,,0,Other OECD
BEL,2017,80.7738189697266,7.09,13.23557186337165,,,,0,Other OECD
BEL,2018,79.1237487792969,5.941,13.774331599384976,,,,0,Other OECD
BEL,2019,79.3044815063477,5.364,14.007194716446996,,,,0,Other OECD
BEL,2020,79.4996032714844,5.545,14.383065321324004,,,,0,Other OECD
BEL,2021,82.6882019042969,6.248,13.527417283703327,,,,0,Other OECD
BEL,2022,83.5736465454102,5.57,14.587142328281095,,,,0,Other OECD
BEL,2023,82.1475601196289,5.547,13.872493904740752,,,,0,Other OECD
CAN,2013,65.7477188110352,7.143,14.563743592942885,12.19,4.43,美洲,0,Other OECD
CAN,2014,67.1677017211914,7.023,14.192431365364497,13.04,4.04,美洲,0,Other OECD
CAN,2015,67.2690963745117,6.945,14.237329915579439,14.72,4.14,美洲,0,Other OECD
CAN,2016,69.2459411621094,7.038,14.228078249909132,16.72,3.4,美洲,0,Other OECD
CAN,2017,70.2687072753906,6.426,14.127659354302907,18.75,3.14,美洲,0,Other OECD
CAN,2018,69.3507232666016,5.837,14.227014690889394,18.71,3.26,美洲,0,Other OECD
CAN,2019,73.1128768920898,5.69,13.994335638220756,18.16,3.26,美洲,0,Other OECD
CAN,2020,75.2389068603516,9.657,13.820388000303979,15.6,,美洲,0,Other OECD
CAN,2021,79.7657318115234,7.527,12.907409918791238,20.08,,美洲,0,Other OECD
CAN,2022,78.8984985351562,5.279,12.554231685551976,16.53,,美洲,0,Other OECD
CAN,2023,76.2586212158203,5.415,12.343292778069257,19.76,,美洲,0,Other OECD
CHE,2013,56.1812400817871,4.747,13.661952171145739,8.18,8.97,,0,Other OECD
CHE,2014,58.0650596618652,4.826,13.409839996189996,7.12,4.05,,0,Other OECD
CHE,2015,60.8185615539551,4.801,12.937880372388271,7.31,6.53,,0,Other OECD
CHE,2016,61.1939888000488,4.918,13.024078406571968,8.21,5.1,,0,Other OECD
CHE,2017,62.4597206115723,4.797,12.95585634454712,8.47,4.86,,0,Other OECD
CHE,2018,64.3533935546875,4.713,12.483953255051137,7.37,9.15,,0,Other OECD
CHE,2019,66.3093414306641,4.394,12.060785956901215,9.77,9.15,,0,Other OECD
CHE,2020,68.0676422119141,4.817,11.791210111938707,9.2,,,0,Other OECD
CHE,2021,71.893928527832,5.013,13.252846650265399,9.8,,,0,Other OECD
CHE,2022,74.1526794433594,4.122,14.382171676646195,7.37,,,0,Other OECD
CHE,2023,74.0060882568359,4.043,14.460763690479927,10.29,,,0,Other OECD
CHL,2013,79.8703384399414,6.361,20.89657495353209,24.33,2.87,,0,Other OECD
CHL,2014,83.6629791259766,6.761,21.56978094604422,26.83,3.53,,0,Other OECD
CHL,2015,86.4181137084961,6.605,21.577898147717026,25.93,2.42,,0,Other OECD
CHL,2016,88.8458862304688,6.926,22.29553818841984,24.18,2.8,,0,Other OECD
CHL,2017,89.921989440918,7.257,23.146193006067783,23.8,2.32,,0,Other OECD
CHL,2018,91.1974792480469,7.623,22.63200912985385,25.06,2.52,,0,Other OECD
CHL,2019,92.0659713745117,7.493,22.650360021970123,36.71,2.52,,0,Other OECD
CHL,2020,89.1124877929688,10.934,20.44790878805903,25.9,,,0,Other OECD
CHL,2021,96.2227935791016,9.281,22.36688479030855,29.89,,,0,Other OECD
CHL,2022,99.3372802734375,8.249,22.013464965031503,27.01,,,0,Other OECD
CHL,2023,104.734062194824,9.013,21.911294626589708,31.05,,,0,Other OECD
COL,2013,50.7474899291992,9.246,49.99209524691674,23.71,1.48,,0,Other OECD
COL,2014,53.1794395446777,8.799,49.05002693072974,18.55,1.55,,0,Other OECD
COL,2015,54.7961311340332,8.572,48.5332643598248,22.67,1.7,,0,Other OECD
COL,2016,57.1437492370605,8.922,48.52685012412288,27.35,4.2,,0,Other OECD
COL,2017,58.3960418701172,9.086,48.59249757354726,18.68,2.96,,0,Other OECD
COL,2018,57.3205413818359,9.36,48.54719745688923,21.19,3.57,,0,Other OECD
COL,2019,56.6663017272949,10.28,46.58550726137069,22.28,3.57,,0,Other OECD
COL,2020,55.7331085205078,15.983,47.951169087754714,31.1,,,0,Other OECD
COL,2021,58.3159217834473,13.898,48.21751991646819,15.69,,,0,Other OECD
COL,2022,59.2901382446289,10.541,43.77575356685169,27.96,,,0,Other OECD
COL,2023,59.2901382446289,9.591,43.24311087200417,23.57,,,0,Other OECD
CRI,2013,47.5057106018066,8.218,27.283063928114775,11.33,3.29,,0,Other OECD
CRI,2014,50.3342781066895,8.499,26.60733138766917,11.33,3.29,,0,Other OECD
CRI,2015,51.2845802307129,8.415,26.329531119339357,11.33,3.29,,0,Other OECD
CRI,2016,51.6516418457031,8.085,25.623988598015483,,,,0,Other OECD
CRI,2017,54.4492301940918,7.729,25.319390389831682,,,,0,Other OECD
CRI,2018,52.6140899658203,9.01,26.007566857459548,,,,0,Other OECD
CRI,2019,55.0202903747559,10.807,26.682493456607453,,,,0,Other OECD
CRI,2020,55.0202903747559,16.432,26.38028497879811,,,,0,Other OECD
CRI,2021,,15.139,27.118604743207076,,,,0,Other OECD
CRI,2022,,11.325,26.668332609338812,,,,0,Other OECD
CRI,2023,,8.325,23.98785928714776,,,,0,Other OECD
CZE,2013,66.3243179321289,6.953,17.246026187620174,7.33,2.65,,0,Other OECD
CZE,2014,67.3959732055664,6.108,17.57593880604486,7.33,2.65,,0,Other OECD
CZE,2015,67.2303619384766,5.048,16.86266565182767,,,,0,Other OECD
CZE,2016,67.5056381225586,3.952,16.594342874130106,,,,0,Other OECD
CZE,2017,67.7142181396484,2.893,16.646020899250168,,,,0,Other OECD
CZE,2018,66.7902221679688,2.246,16.361413594337492,,,,0,Other OECD
CZE,2019,66.8802185058594,2.015,15.980582679239108,,,,0,Other OECD
CZE,2020,67.1843719482422,2.55,16.1170024565057,,,,0,Other OECD
CZE,2021,69.8369293212891,2.803,15.39749333185336,,,,0,Other OECD
CZE,2022,70.8145904541016,2.224,16.0043957682001,,,,0,Other OECD
CZE,2023,66.7282867431641,2.579,15.840475783425925,,,,0,Other OECD
DEU,2013,60.8984489440918,5.316,10.637190465820327,4.98,2.98,,0,Other OECD
DEU,2014,65.1844787597656,4.979,10.15478232123157,5.27,2.32,,0,Other OECD
DEU,2015,68.23291015625,4.612,9.870510038082013,4.7,3.75,,0,Other OECD
DEU,2016,67.9464111328125,4.104,9.625885002757698,4.56,2.7,,0,Other OECD
DEU,2017,68.4692306518555,3.781,9.283219005327528,5.28,5.42,,0,Other OECD
DEU,2018,69.1634292602539,3.384,8.761040172717369,4.97,3.17,,0,Other OECD
DEU,2019,72.705078125,3.163,8.422856975452413,7.63,3.17,,0,Other OECD
DEU,2020,72.3894195556641,3.881,7.539261620949957,4.8,,,0,Other OECD
DEU,2021,75.6655426025391,3.594,7.56740528444311,6.91,,,0,Other OECD
DEU,2022,77.3656997680664,3.137,7.473209874724159,9.09,,,0,Other OECD
DEU,2023,78.5947494506836,3.071,7.216695343996555,7.69,,,0,Other OECD
DNK,2013,80.4186782836914,7.384,8.940917854135218,5.47,11.09,,0,Other OECD
DNK,2014,81.3143615722656,6.925,8.701772865250685,5.47,11.09,,0,Other OECD
DNK,2015,83.300407409668,6.278,8.739215217249921,5.47,11.09,,0,Other OECD
DNK,2016,82.1714935302734,5.989,8.495124101339846,,,,0,Other OECD
DNK,2017,81.3220062255859,5.833,8.187032937864863,,,,0,Other OECD
DNK,2018,81.1405487060547,5.131,8.084942542352803,,,,0,Other OECD
DNK,2019,81.6945877075195,5.018,8.302534637471059,,,,0,Other OECD
DNK,2020,82.6643295288086,5.644,8.3180756891136,,,,0,Other OECD
DNK,2021,83.982292175293,5.065,8.464503050187085,,,,0,Other OECD
DNK,2022,84.5866088867188,4.434,8.355913242775829,,,,0,Other OECD
DNK,2023,81.2308197021484,5.094,8.266484745648246,,,,0,Other OECD
ESP,2013,85.2132568359375,26.094,15.827830608667936,5.21,1.13,,0,Other OECD
ESP,2014,88.0015563964844,24.441,16.49178017120834,5.47,1.12,,0,Other OECD
ESP,2015,88.5742492675781,22.057,16.177788870182482,5.7,1.8,,0,Other OECD
ESP,2016,89.8067779541016,19.635,15.158171146462177,5.23,1.9,,0,Other OECD
ESP,2017,91.8877410888672,17.224,15.604135092045777,6.19,1.7,,0,Other OECD
ESP,2018,92.1748886108398,15.255,14.916623071408766,6.39,1.94,,0,Other OECD
ESP,2019,91.020263671875,14.104,14.701342873871551,6.15,1.94,,0,Other OECD
ESP,2020,90.9548492431641,15.532,14.615695283365005,5.2,,,0,Other OECD
ESP,2021,94.5903778076172,14.914,14.706148517042806,5.52,,,0,Other OECD
ESP,2022,94.5131072998047,13.033,14.873036942204909,5.96,,,0,Other OECD
ESP,2023,93.7303466796875,12.179,13.708544934777908,6.79,,,0,Other OECD
EST,2013,75.4523162841797,8.631,9.890676380284505,13.11,3.38,,0,Other OECD
EST,2014,76.2024536132812,7.352,9.521030679731112,9.43,2.72,,0,Other OECD
EST,2015,74.5832824707031,6.412,9.864540237555051,13.14,4.17,,0,Other OECD
EST,2016,73.0334320068359,6.882,10.045626425825807,16.16,3.3,,0,Other OECD
EST,2017,72.1369781494141,5.807,10.732784803136562,19.38,2.73,,0,Other OECD
EST,2018,72.0659637451172,5.412,11.273319787846003,18.331666666666667,2.73,,0,Other OECD
EST,2019,72.7060317993164,4.514,11.582321869589292,,,,0,Other OECD
EST,2020,72.0443572998047,6.956,11.324503311258278,,,,0,Other OECD
EST,2021,73.1502075195312,6.178,11.336690914227198,,,,0,Other OECD
EST,2022,71.4251937866211,5.571,10.607483246942003,14.138333333333334,,,0,Other OECD
EST,2023,67.6179275512695,6.378,11.512734405682231,13.09,,,0,Other OECD
FIN,2013,91.2365264892578,8.193,12.88965008986072,5.29,3.68,,0,Other OECD
FIN,2014,89.9938812255859,8.663,11.708553210660284,5.63,4.04,,0,Other OECD
FIN,2015,89.6573791503906,9.376,13.034525880036224,6.59,4.19,,0,Other OECD
FIN,2016,89.3280029296875,8.818,12.530509880645827,6.71,9.7,,0,Other OECD
FIN,2017,90.6983871459961,8.64,11.655891999809857,6.946,9.7,,0,Other OECD
FIN,2018,92.3850021362305,7.361,11.100329341108605,,,,0,Other OECD
FIN,2019,94.5891189575195,6.695,11.865722291066126,,,,0,Other OECD
FIN,2020,96.4726333618164,7.759,11.830955251388225,7.654,,,0,Other OECD
FIN,2021,100.868072509766,7.617,11.697868322159302,7.89,,,0,Other OECD
FIN,2022,104.944221496582,6.719,11.626608167141937,7.89,,,0,Other OECD
FIN,2023,108.130409240723,7.149,11.540192590092184,,,,0,Other OECD
FRA,2013,59.8487586975098,9.913,10.603483900323498,4.57,3.89,,0,Other OECD
FRA,2014,61.5104789733887,10.273,10.911569941113417,5.34,4.31,,0,Other OECD
FRA,2015,62.7859306335449,10.354,10.794296310890461,5.33,5.305,,0,Other OECD
FRA,2016,64.7276763916016,10.057,10.951708261340318,5.32,6.3,,0,Other OECD
FRA,2017,65.8022308349609,9.409,10.808642752920743,3.92,2.99,,0,Other OECD
FRA,2018,67.5435180664062,9.018,10.733145989343928,6.13,2.85,,0,Other OECD
FRA,2019,67.7331314086914,8.415,11.180862488985799,6.653333333333333,2.85,,0,Other OECD
FRA,2020,68.8709411621094,8.009,11.609158768153204,7.176666666666667,,,0,Other OECD
FRA,2021,69.9397888183594,7.871,11.947217266333608,7.7,,,0,Other OECD
FRA,2022,71.5107269287109,7.303,12.538221416569789,9.16,,,0,Other OECD
FRA,2023,70.4536437988281,7.335,12.48797829355079,10.75,,,0,Other OECD
GBR,2013,56.8150482177734,7.752,13.639784415223568,7.14,2.8,,0,Other OECD
GBR,2014,56.5670890808105,6.398,14.4292153861006,10.66,4.09,,0,Other OECD
GBR,2015,56.4859008789062,5.552,14.093701382472704,6.93,2.14,,0,Other OECD
GBR,2016,58.110481262207,4.909,14.296419374521605,8.8,3.8,,0,Other OECD
GBR,2017,59.6335182189941,4.501,14.410391551393772,8.4,4.47,,0,Other OECD
GBR,2018,61.1251182556152,4.145,14.10807487264307,8.24,3.74,,0,Other OECD
GBR,2019,65.4840774536133,3.657,13.803618001283056,9.34,3.74,,0,Other OECD
GBR,2020,69.3701629638672,4.472,13.290894063413461,7.8,,,0,Other OECD
GBR,2021,76.7174911499023,4.864,12.176230995692302,12.58,,,0,Other OECD
GBR,2022,79.7250823974609,3.768,11.774260974557112,12.89,,,0,Other OECD
GBR,2023,80.4987716674805,4.025,11.58789509842146,11.76,,,0,Other OECD
GRC,2013,112.705833435059,27.686,32.59605364293888,5.51,1.53,,0,Other OECD
GRC,2014,119.104209899902,26.708,31.34653794707439,7.85,0.88,,0,Other OECD
GRC,2015,125.2537117004395,24.981,30.56959475606842,6.75,1.54,,0,Other OECD
GRC,2016,131.403213500977,23.514,29.927756429204848,5.7,1.1,,0,Other OECD
GRC,2017,135.333923339844,21.413,29.936323400790936,4.82,1.83,,0,Other OECD
GRC,2018,140.950317382812,19.179,29.116016687828765,6.35,3.05,,0,Other OECD
GRC,2019,143.96272277832,17.045,27.661108813820757,8.22,3.05,,0,Other OECD
GRC,2020,143.693344116211,15.899,27.55510348341242,8.6,,,0,Other OECD
GRC,2021,150.605484008789,14.656,27.910691382768864,5.53,,,0,Other OECD
GRC,2022,166.665649414062,12.426,26.758460942887837,4.85,,,0,Other OECD
GRC,2023,165.113418579102,11.023,27.725724473389324,6.74,,,0,Other OECD
HUN,2013,57.2066802978516,10.177,10.292599812969376,9.68,1.38,,0,Other OECD
HUN,2014,52.8164901733398,7.725,10.005262612427833,9.33,1.09,,0,Other OECD
HUN,2015,50.0656509399414,6.813,9.828164426248104,7.92,2.18,,0,Other OECD
HUN,2016,49.47705078125,5.115,9.830420671614004,7.94,2.6,,0,Other OECD
HUN,2017,49.910270690918,4.156,9.365663550767716,8.302,2.6,,0,Other OECD
HUN,2018,50.8998908996582,3.667,9.57586893905624,,,,0,Other OECD
HUN,2019,52.3610382080078,3.411,10.121321132988694,,,,0,Other OECD
HUN,2020,54.6020393371582,4.248,11.604924556570975,9.388,,,0,Other OECD
HUN,2021,56.5250091552734,4.021,11.723711795959819,9.75,,,0,Other OECD
HUN,2022,58.0702514648438,3.583,12.003388687321708,9.88,,,0,Other OECD
HUN,2023,56.5924415588379,4.096,11.651092925185287,9.88,,,0,Other OECD
IRL,2013,71.6995468139648,13.735,14.921742838271317,9.25,2.43,,0,Other OECD
IRL,2014,73.813232421875,11.858,14.750942602788102,6.53,1.64,,0,Other OECD
IRL,2015,77.2321472167969,9.908,14.235476119593415,9.33,1.99,,0,Other OECD
IRL,2016,77.5571365356445,8.374,13.996146595931997,10.88,3.2,,0,Other OECD
IRL,2017,77.7806167602539,6.713,13.244797100618877,8.93,2.5,,0,Other OECD
IRL,2018,77.2828826904297,5.741,12.675827318113669,9.64,2.23,,0,Other OECD
IRL,2019,75.1799392700195,4.95,11.999041721504861,12.41,2.23,,0,Other OECD
IRL,2020,74.6803131103516,5.623,11.847491270822166,12.455,,,0,Other OECD
IRL,2021,78.7776031494141,6.357,11.031032758573813,12.5,,,0,Other OECD
IRL,2022,76.6049499511719,4.465,11.948952091876846,12.5,,,0,Other OECD
IRL,2023,76.6049499511719,4.243,11.115384406455574,,,,0,Other OECD
ISL,2013,78.3723907470703,5.376,12.397439952371206,,,,0,Other OECD
ISL,2014,80.3950881958008,4.897,12.89590681951793,,,,0,Other OECD
ISL,2015,75.6419982910156,3.979,12.57397504456328,,,,0,Other OECD
ISL,2016,74.7006301879883,2.978,12.291553906028506,,,,0,Other OECD
ISL,2017,71.3372497558594,2.742,11.422063130491377,,,,0,Other OECD
ISL,2018,69.3402328491211,2.704,12.511631638055512,,,,0,Other OECD
ISL,2019,70.6093521118164,3.507,11.03864187802804,,,,0,Other OECD
ISL,2020,74.5906066894531,5.478,10.791672001024196,,,,0,Other OECD
ISL,2021,86.5232086181641,6.029,11.978774830726875,,,,0,Other OECD
ISL,2022,84.985237121582,3.789,11.752127166419928,,,,0,Other OECD
ISL,2023,76.5200729370117,3.518,12.801975085065898,,,,0,Other OECD
ISR,2013,62.0624198913574,6.137,12.667760142369477,10.04,2.83,中東,0,Other OECD
ISR,2014,62.1056289672852,5.789,12.61745993675045,10.93,3.06,中東,0,Other OECD
ISR,2015,60.8227882385254,5.176,12.613470768325778,11.82,3.29,中東,0,Other OECD
ISR,2016,60.4474411010742,4.723,12.891375186894944,11.31,2.6,中東,0,Other OECD
ISR,2017,59.0658683776855,4.14,12.340742148303782,12.78,2.02,中東,0,Other OECD
ISR,2018,57.3934288024902,3.917,12.263140241689827,12.7,3.3,中東,0,Other OECD
ISR,2019,55.9445381164551,3.731,12.233200250950931,12.69,3.3,中東,0,Other OECD
ISR,2020,56.4272193908691,4.169,12.327987545935612,8.5,,中東,0,Other OECD
ISR,2021,58.9942817687988,4.812,12.202451391174897,9.55,,中東,0,Other OECD
ISR,2022,57.6379203796387,3.695,12.91353141793032,8.69,,中東,0,Other OECD
ISR,2023,55.8351593017578,3.371,13.07862780207686,8.74,,中東,0,Other OECD
ITA,2013,60.8925285339355,12.149,23.253412008275678,3.43,0.98,歐洲,0,Other OECD
ITA,2014,60.8831481933594,12.683,23.032872986568144,4.42,2.84,歐洲,0,Other OECD
ITA,2015,60.941291809082,11.896,22.831162409544202,4.87,1.61,歐洲,0,Other OECD
ITA,2016,61.3571014404297,11.688,22.414857786208874,4.42,3.7,歐洲,0,Other OECD
ITA,2017,62.69580078125,11.211,21.693701998329253,4.28,2.52,歐洲,0,Other OECD
ITA,2018,64.4753265380859,10.538,21.33090960537713,4.18,2.73,歐洲,0,Other OECD
ITA,2019,65.6895065307617,9.884,21.35162004937229,2.79,2.73,歐洲,0,Other OECD
ITA,2020,68.7231063842773,9.192,20.984969876661108,1.9,,歐洲,0,Other OECD
ITA,2021,71.2745208740234,9.497,20.025092691382852,4.83,,歐洲,0,Other OECD
ITA,2022,73.8962097167969,8.069,19.725217554485702,6.58,,歐洲,0,Other OECD
ITA,2023,75.9496536254883,7.627,19.34232177055783,8.33,,歐洲,0,Other OECD
JPN,2013,62.8381881713867,4.038,6.685368819381633,3.72,2.38,,1,East Asia
JPN,2014,62.7269897460938,3.589,6.757975658273961,3.83,3.63,,1,East Asia
JPN,2015,62.4726600646973,3.385,6.5286636383774574,4.113333333333333,3.5366666666666666,,1,East Asia
JPN,2016,63.1872291564941,3.132,6.376556189419929,4.3966666666666665,3.4433333333333334,,1,East Asia
JPN,2017,62.4629783630371,2.822,6.264056558530963,4.68,3.35,,1,East Asia
JPN,2018,62.2089385986328,2.467,6.208501550288145,5.34,1.94,,1,East Asia
JPN,2019,62.1184997558594,2.351,6.216715264301969,5.35,1.94,,1,East Asia
JPN,2020,62.1358413696289,2.809,6.1241602260700505,5.81,,,1,East Asia
JPN,2021,63.1702690124512,2.808,6.143505535241468,6.27,,,1,East Asia
JPN,2022,64.6288299560547,2.614,6.0839463410024415,6.35,,,1,East Asia
JPN,2023,64.8912200927734,2.6,6.0839463410024415,6.35,,,1,East Asia
KOR,2013,96.3375015258789,3.067,40.12471218977751,6.85,1.4,,1,East Asia
KOR,2014,94.4421691894531,3.082,39.373687101557586,8.05,1.9749999999999999,,1,East Asia
KOR,2015,93.9676513671875,3.546,21.223395361983194,9.25,2.55,,1,East Asia
KOR,2016,93.6577224731445,3.65,20.681132334095565,6.69,2.7,,1,East Asia
KOR,2017,93.7230224609375,3.653,20.33593176368229,12.98,2.93,,1,East Asia
KOR,2018,93.3281784057617,3.824,19.872695965750324,14.65,3.2,,1,East Asia
KOR,2019,93.9989166259766,3.746,19.176691237140084,14.94,3.2,,1,East Asia
KOR,2020,96.8767700195312,3.931,18.868851379109486,13.0,,,1,East Asia
KOR,2021,100.359878540039,3.639,18.242906022129823,13.39,,,1,East Asia
KOR,2022,102.813056945801,2.857,17.764520512895537,11.9,,,1,East Asia
KOR,2023,106.709167480469,2.675,17.3692736444998,10.23,,,1,East Asia
LTU,2013,73.533203125,11.77,11.591612627415026,12.43,2.37,,0,Other OECD
LTU,2014,68.8998870849609,10.698,11.766911948039638,11.32,2.23,,0,Other OECD
LTU,2015,67.7426528930664,9.12,11.947394277588568,11.49625,2.23,,0,Other OECD
LTU,2016,67.7418518066406,7.862,12.547480190108285,,,,0,Other OECD
LTU,2017,68.3863372802734,7.073,12.037420605701026,,,,0,Other OECD
LTU,2018,69.7188034057617,6.147,11.837187757849712,,,,0,Other OECD
LTU,2019,70.1848678588867,6.255,12.280449969397015,,,,0,Other OECD
LTU,2020,69.1454772949219,8.487,11.726356831342471,,,,0,Other OECD
LTU,2021,70.6638793945312,7.112,11.455188924742375,12.55375,,,0,Other OECD
LTU,2022,76.9154586791992,5.955,12.623835010642475,12.73,,,0,Other OECD
LTU,2023,77.0064163208008,6.841,11.923873666817189,6.68,,,0,Other OECD
LUX,2013,,6.045,8.051878140202568,8.69,10.04,,0,Other OECD
LUX,2014,20.2907104492188,6.044,7.23022953952162,7.14,5.06,,0,Other OECD
LUX,2015,20.2907104492188,6.796,9.19341591138922,10.19,5.6,,0,Other OECD
LUX,2016,19.9203605651856,6.669,9.317338928614156,9.19,4.8,,0,Other OECD
LUX,2017,19.5990200042725,5.523,8.08579533290516,9.05,4.08,,0,Other OECD
LUX,2018,19.3915195465088,5.589,7.23849263040524,10.72,4.65,,0,Other OECD
LUX,2019,19.3969497680664,5.592,8.559833418323985,10.2,4.65,,0,Other OECD
LUX,2020,19.961389541626,6.766,7.504009984127583,8.0,,,0,Other OECD
LUX,2021,20.7341499328613,5.571,8.804420052666552,7.25,,,0,Other OECD
LUX,2022,21.032600402832,4.588,9.004004241647278,7.0,,,0,Other OECD
LUX,2023,21.5371704101562,5.184,8.649470649308544,9.67,,,0,Other OECD
LVA,2013,69.0765991210938,11.867,11.721866450656435,13.25,2.48,,0,Other OECD
LVA,2014,70.8979415893555,10.846,11.629375480202441,13.68,2.745,,0,Other OECD
LVA,2015,74.2998809814453,9.873,12.63917041443499,14.11,3.01,,0,Other OECD
LVA,2016,80.6048126220703,9.643,13.032974750815985,14.19,4.0,,0,Other OECD
LVA,2017,88.0574264526367,8.715,10.991579228239798,14.15,2.06,,0,Other OECD
LVA,2018,93.0244827270508,7.412,11.147895285865092,14.79,2.06,,0,Other OECD
LVA,2019,94.8645324707031,6.312,11.629353038035658,15.43,,,0,Other OECD
LVA,2020,94.5108337402344,8.098,12.968107926498334,15.6,,,0,Other OECD
LVA,2021,93.4839324951172,7.513,10.822279119868728,15.13,,,0,Other OECD
LVA,2022,91.3303680419922,6.815,10.643966426517023,14.2,,,0,Other OECD
LVA,2023,85.7360610961914,6.465,11.537899024471427,14.34,,,0,Other OECD
MEX,2013,30.3301601409912,4.921,30.304308028486115,14.83,3.89,,0,Other OECD
MEX,2014,31.2052898406982,4.819,29.27759666074915,18.99,2.23,,0,Other OECD
MEX,2015,31.9718608856201,4.311,28.97255797914051,21.01,2.94,,0,Other OECD
MEX,2016,38.589771270752,3.853,28.818297532474364,17.575000000000003,2.54,,0,Other OECD
MEX,2017,40.3390693664551,3.419,28.665995081569314,14.14,2.14,,0,Other OECD
MEX,2018,41.6382789611816,3.275,28.78773326750909,13.56,2.14,,0,Other OECD
MEX,2019,43.0441398620605,3.477,29.000871378226922,12.98,,,0,Other OECD
MEX,2020,45.1654510498047,4.44,27.110538568925925,12.953333333333333,,,0,Other OECD
MEX,2021,45.6506195068359,4.019,28.889152254200834,12.926666666666668,,,0,Other OECD
MEX,2022,46.4061317443848,3.256,28.65709026370619,12.9,,,0,Other OECD
MEX,2023,47.474681854248,2.765,28.160535062988256,16.84,,,0,Other OECD
NLD,2013,,7.241,15.836686854713694,9.27,8.41,,0,Other OECD
NLD,2014,80.1601486206055,7.419,16.078528871972445,9.46,4.01,,0,Other OECD
NLD,2015,80.1601486206055,6.872,16.20691809492076,7.21,4.45,,0,Other OECD
NLD,2016,79.8454895019531,6.007,16.427368213247206,11.0,3.2,,0,Other OECD
NLD,2017,83.2009887695312,4.837,16.022705874013617,9.92,10.04,,0,Other OECD
NLD,2018,83.652473449707,3.832,15.980659210083099,12.29,7.76,,0,Other OECD
NLD,2019,84.49477767944336,3.379,15.996893847919663,10.38,7.76,,0,Other OECD
NLD,2020,85.3370819091797,3.82,16.897975667803884,11.5,,,0,Other OECD
NLD,2021,89.3898620605469,4.209,15.729610112611711,14.21,,,0,Other OECD
NLD,2022,87.9918441772461,3.526,16.06660963185867,12.45,,,0,Other OECD
NLD,2023,86.5938262939453,3.535,16.573680880099413,13.69,,,0,Other OECD
NOR,2013,75.8635787963867,3.425,6.4187207658867855,6.25,15.2,,0,Other OECD
NOR,2014,78.2397384643555,3.486,6.740313981410153,5.65,19.5,,0,Other OECD
NOR,2015,79.206428527832,4.296,6.548094684772919,5.66,6.26,,0,Other OECD
NOR,2016,82.0374526977539,4.68,6.393555012658754,6.335,6.26,,0,Other OECD
NOR,2017,83.7353363037109,4.164,6.242573559522291,,,,0,Other OECD
NOR,2018,85.3883514404297,3.801,6.0187071720738246,7.685,,,0,Other OECD
NOR,2019,85.7633819580078,3.684,5.788429482781337,8.36,,,0,Other OECD
NOR,2020,87.1685333251953,4.424,4.942612114694315,7.6,,,0,Other OECD
NOR,2021,93.9243011474609,4.359,3.7854951592112567,3.09,,,0,Other OECD
NOR,2022,97.6419830322266,3.231,4.082864146401328,6.47,,,0,Other OECD
NOR,2023,95.0573806762695,3.574,4.099330864227851,6.92,,,0,Other OECD
NZL,2013,80.388542175293,5.839,,,,,0,Other OECD
NZL,2014,80.7100067138672,5.428,,,,,0,Other OECD
NZL,2015,82.1818466186523,5.415,,,,,0,Other OECD
NZL,2016,81.8633575439453,5.147,,,,,0,Other OECD
NZL,2017,81.2698593139648,4.736,,,,,0,Other OECD
NZL,2018,81.2513122558594,4.335,,,,,0,Other OECD
NZL,2019,77.5843734741211,4.109,,,,,0,Other OECD
NZL,2020,75.7348327636719,4.595,,,,,0,Other OECD
NZL,2021,79.4128875732422,3.776,,,,,0,Other OECD
NZL,2022,77.0104675292969,3.299,,,,,0,Other OECD
NZL,2023,76.3811416625977,3.734,,,,,0,Other OECD
POL,2013,73.317268371582,10.293,20.514165132716403,9.28,0.69,,0,Other OECD
POL,2014,70.2389678955078,8.971,20.249711030386468,9.21,1.28,,0,Other OECD
POL,2015,69.3731994628906,7.475,20.210072254800448,9.21,1.65,,0,Other OECD
POL,2016,69.8503799438477,6.141,19.797954482435,10.66,2.0,,0,Other OECD
POL,2017,70.6174621582031,4.867,19.41723877029499,8.85,7.52,,0,Other OECD
POL,2018,71.0217437744141,3.835,19.444115101737474,5.24,6.6,,0,Other OECD
POL,2019,70.9065017700195,3.267,19.363629437872117,5.39,6.6,,0,Other OECD
POL,2020,70.9730377197266,3.155,19.81178269645108,3.1,,,0,Other OECD
POL,2021,72.2060623168945,3.268,19.37865048680947,2.0,,,0,Other OECD
POL,2022,75.2911071777344,2.811,19.56142490185625,1.56,,,0,Other OECD
POL,2023,76.8794097900391,2.743,19.59352109422486,2.59,,,0,Other OECD
PRT,2013,,16.237,15.134956818378756,8.25,2.36,,0,Other OECD
PRT,2014,61.7960205078125,13.88,13.969552031355754,9.97,1.8,,0,Other OECD
PRT,2015,61.7960205078125,12.405,13.078078459722404,9.49,1.46,,0,Other OECD
PRT,2016,63.2387504577637,11.058,12.642296095766254,8.15,2.7,,0,Other OECD
PRT,2017,64.2040176391602,8.878,12.443782700174594,9.73,2.7,,0,Other OECD
PRT,2018,65.1127395629883,6.966,12.245345667191494,11.31,,,0,Other OECD
PRT,2019,66.0920562744141,6.422,12.673001478414548,12.89,,,0,Other OECD
PRT,2020,68.1568908691406,6.85,12.634086148855609,12.89,,,0,Other OECD
PRT,2021,72.5122375488281,6.712,12.213912311952212,,,,0,Other OECD
PRT,2022,75.0714797973633,6.138,12.661398953573592,,,,0,Other OECD
PRT,2023,77.6778182983398,6.498,12.369549794743333,,,,0,Other OECD
SVK,2013,55.253978729248,14.226,16.11094727750783,9.52,1.0,,0,Other OECD
SVK,2014,53.8843002319336,11.536,15.679989506132355,10.9,1.59,,0,Other OECD
SVK,2015,52.7206687927246,11.492,15.65003203575831,9.64,1.65,,0,Other OECD
SVK,2016,50.3014488220215,9.679,15.925497434719786,9.45,1.0,,0,Other OECD
SVK,2017,49.1256103515625,8.142,15.332725166566416,11.8,1.37,,0,Other OECD
SVK,2018,47.8138313293457,6.544,14.726662402476867,12.12,1.84,,0,Other OECD
SVK,2019,48.1902389526367,5.761,14.97397258760587,13.33,1.84,,0,Other OECD
SVK,2020,48.3790016174316,6.719,14.736056025167333,13.8,,,0,Other OECD
SVK,2021,50.7342491149902,6.894,14.779969620345183,6.39,,,0,Other OECD
SVK,2022,52.4959106445312,6.143,14.667457007712823,10.73,,,0,Other OECD
SVK,2023,53.417610168457,5.843,14.789452998961664,10.75,,,0,Other OECD
SVN,2013,87.8572082519531,10.103,13.264487065729302,6.45,2.22,,0,Other OECD
SVN,2014,84.3780288696289,9.668,14.306066251796162,6.33,1.76,,0,Other OECD
SVN,2015,82.1997833251953,8.962,13.747158270047485,5.91,1.9,,0,Other OECD
SVN,2016,79.4747467041016,8.0,12.620587451939164,8.02,2.7,,0,Other OECD
SVN,2017,79.2703475952148,6.564,12.448404201353105,6.85,2.47,,0,Other OECD
SVN,2018,77.3015975952148,5.108,13.132114979392234,6.37,1.96,,0,Other OECD
SVN,2019,76.4720077514648,4.446,12.394469402200107,7.8,1.96,,0,Other OECD
SVN,2020,75.8166809082031,4.971,11.424315312949844,6.0,,,0,Other OECD
SVN,2021,82.2400436401367,4.744,12.667008274500875,6.66,,,0,Other OECD
SVN,2022,82.3922576904297,4.011,12.356550931198681,8.03,,,0,Other OECD
SVN,2023,80.0806884765625,3.652,12.725421064725742,7.07,,,0,Other OECD
SWE,2013,65.7820892333984,8.052,9.442692100684665,8.25,6.03,,0,Other OECD
SWE,2014,64.9541931152344,7.954,9.116597654482606,6.71,7.1,,0,Other OECD
SWE,2015,66.4283218383789,7.432,8.92764611147873,7.16,5.71,,0,Other OECD
SWE,2016,68.306037902832,6.99,8.683966950823427,7.58,11.8,,0,Other OECD
SWE,2017,70.4342498779297,6.718,8.421687536877991,7.29,5.95,,0,Other OECD
SWE,2018,73.4083786010742,6.365,8.294586770667054,6.82,4.4,,0,Other OECD
SWE,2019,75.1148529052734,6.833,8.46570808320945,8.25,4.4,,0,Other OECD
SWE,2020,79.1196365356445,8.291,8.42442468506265,7.3,,,0,Other OECD
SWE,2021,85.9426193237305,8.803,8.45833734041524,8.97,,,0,Other OECD
SWE,2022,83.8976135253906,7.417,8.725702238372827,9.09,,,0,Other OECD
SWE,2023,81.3998184204102,7.611,8.454171502027394,9.25,,,0,Other OECD
TUR,2013,79.6469573974609,9.713,32.57085831815809,9.95,1.77,,0,Other OECD
TUR,2014,86.9976806640625,9.901,30.618346498974567,12.013333333333334,1.8133333333333332,,0,Other OECD
TUR,2015,95.5645065307617,10.304,29.52382245275169,14.076666666666668,1.8566666666666667,,0,Other OECD
TUR,2016,103.71558380127,10.899,28.803268188927667,16.14,1.9,,0,Other OECD
TUR,2017,110.534072875977,10.919,28.97650542329654,15.190000000000001,1.815,,0,Other OECD
TUR,2018,115.462463378906,10.956,28.31747463730961,14.24,1.73,,0,Other OECD
TUR,2019,117.005470275879,13.73,27.58866421300643,14.723333333333333,1.73,,0,Other OECD
TUR,2020,118.883682250977,13.148,25.584601639997317,15.206666666666667,,,0,Other OECD
TUR,2021,125.763786315918,11.969,25.521631672027688,15.69,,,0,Other OECD
TUR,2022,127.577972412109,10.465,25.416023014543015,15.69,,,0,Other OECD
TUR,2023,127.577972412109,9.388,24.894626399173646,,,,0,Other OECD
TWN,2013,82.87,4.18,13.29,8.16,1.6,,1,East Asia
TWN,2014,82.87,3.96,12.790000000000001,8.49,4.98,,1,East Asia
TWN,2015,82.12,3.78,12.58,7.3,3.78,,1,East Asia
TWN,2016,82.17,3.92,12.509999999999998,8.24,2.7,,1,East Asia
TWN,2017,82.29,3.76,12.45,8.56,3.67,,1,East Asia
TWN,2018,82.24,3.71,16.48,9.48,2.32,,1,East Asia
TWN,2019,82.66,3.73,12.11,8.38,2.32,,1,East Asia
TWN,2020,85.35,3.85,15.939999999999998,8.4,,,1,East Asia
TWN,2021,88.08,3.95,19.53,6.98,,,1,East Asia
TWN,2022,88.9,3.67,11.68,5.56,,,1,East Asia
TWN,2023,90.3,3.48,11.76,5.56,,,1,East Asia
USA,2013,88.7264175415039,7.375,5.9552560218030255,12.73,2.7,,0,Other OECD
USA,2014,88.6268692016602,6.168,5.864440689928605,13.81,4.96,,0,Other OECD
USA,2015,88.8894119262695,5.28,5.8687500432707544,11.88,4.82,,0,Other OECD
USA,2016,88.8350524902344,4.869,5.6644932619214625,12.63,6.4,,0,Other OECD
USA,2017,88.1673889160156,4.355,5.611763109016485,13.64,7.21,,0,Other OECD
USA,2018,88.2991790771484,3.896,5.71215272382604,15.59,6.94,,0,Other OECD
USA,2019,87.8887100219727,3.669,5.4783313915389,17.42,6.94,,0,Other OECD
USA,2020,87.5676574707031,8.055,5.619951583867403,15.4,,,0,Other OECD
USA,2021,84.8550872802734,5.349,5.928586615871156,16.52,,,0,Other OECD
USA,2022,79.361930847168,3.65,5.7270944089241755,19.19,,,0,Other OECD
USA,2023,79.361930847168,3.638,5.561428272259749,14.71,,,0,Other OECD
